# ************************************************************
# Sequel Pro SQL dump
# Version 4541
#
# http://www.sequelpro.com/
# https://github.com/sequelpro/sequelpro
#
# Host: 127.0.0.1 (MySQL 5.7.17)
# Database: smart-fridge
# Generation Time: 2017-04-09 14:35:12 +0000
# ************************************************************


/*!40101 SET @OLD_CHARACTER_SET_CLIENT=@@CHARACTER_SET_CLIENT */;
/*!40101 SET @OLD_CHARACTER_SET_RESULTS=@@CHARACTER_SET_RESULTS */;
/*!40101 SET @OLD_COLLATION_CONNECTION=@@COLLATION_CONNECTION */;
/*!40101 SET NAMES utf8 */;
/*!40014 SET @OLD_FOREIGN_KEY_CHECKS=@@FOREIGN_KEY_CHECKS, FOREIGN_KEY_CHECKS=0 */;
/*!40101 SET @OLD_SQL_MODE=@@SQL_MODE, SQL_MODE='NO_AUTO_VALUE_ON_ZERO' */;
/*!40111 SET @OLD_SQL_NOTES=@@SQL_NOTES, SQL_NOTES=0 */;


# Dump of table GeneralProduct
# ------------------------------------------------------------

DROP TABLE IF EXISTS `GeneralProduct`;

CREATE TABLE `GeneralProduct` (
  `id` int(11) unsigned NOT NULL AUTO_INCREMENT,
  `name` varchar(500) NOT NULL DEFAULT '',
  PRIMARY KEY (`id`),
  UNIQUE KEY `name` (`name`)
) ENGINE=InnoDB DEFAULT CHARSET=latin1;

LOCK TABLES `GeneralProduct` WRITE;
/*!40000 ALTER TABLE `GeneralProduct` DISABLE KEYS */;

INSERT INTO `GeneralProduct` (`id`, `name`)
VALUES
	(2031,'&frac; cup pitted and quartered kalamata olives'),
	(1978,'&nbsp;'),
	(1925,'( fluid ounce) can or bottle beer'),
	(2023,'( ounce) bottle barbeque sauce'),
	(2057,'( ounce) can chickpeas or garbanzo beans (i use bush\'s garbanzo beans)'),
	(2010,'( ounce) jars spaghetti sauce'),
	(1981,'( pound) beef bottom round roast or other lean roast'),
	(2093,'(. fluid ounce) bottle buffalo wing sauce, divided'),
	(1996,'(. ounce) can condensed golden mushroom soup'),
	(1923,'(~ ounce) bottle/can ale (gluten free for gluten free)'),
	(1937,'(~ ounce) bottle/can beer (gluten free for gluten free)'),
	(2019,'- pound beef brisket'),
	(1834,'- tablespoons spinach (aka spanakopita) pesto'),
	(2012,'. kg quality topside of beef'),
	(2071,'/ bunch chives, chopped'),
	(1915,'/ cup / . oz / g golden raisins'),
	(1945,'/ cup baking soda'),
	(2039,'/ cup balsamic vinegar'),
	(1969,'/ cup brown lentils'),
	(2043,'/ cup celery, sliced'),
	(1836,'/ cup chicken satay or plain chicken, shredded and warm'),
	(1979,'/ cup chipotle sauce'),
	(1994,'/ cup chopped pecans'),
	(1962,'/ cup diced celery'),
	(1963,'/ cup diced cooked ham'),
	(2041,'/ cup dijon mustard'),
	(2032,'/ cup finely diced celery'),
	(1833,'/ cup graviera or gruyere, grated'),
	(2037,'/ cup honey'),
	(2024,'/ cup italian salad dressing'),
	(1942,'/ cup parmesan, grated'),
	(2040,'/ cup prepared mustard'),
	(2051,'/ cup queso fresco (or feta), crumbled'),
	(1997,'/ cup soy sauce'),
	(2050,'/ cup tequila'),
	(1911,'/ cups aged white cheddar, shredded'),
	(1956,'/ cups chopped kale'),
	(1931,'/ cups cooked chickpeas, or  -ounce (-gram) can, drained, patted dry on paper towels'),
	(2048,'/ cups parmesan shavings or grated parmesan'),
	(1926,'/ lb flank, london broil, sirloin or eye of round, sliced as thin as possible.'),
	(1982,'/ lbs ground round beef'),
	(1983,'/ pound fresh beef chuck with plenty of fat, cut into -inch cubes'),
	(1940,'/ pound pasta'),
	(1960,'/ serrano chile, seeds and all, chopped'),
	(2058,'/ tablespoon mayo (optional)'),
	(2068,'/ teaspoon baking soda'),
	(1921,'/ teaspoon cajun spice mix'),
	(1951,'/ teaspoon chile flakes'),
	(2008,'/ teaspoon mustard powder'),
	(2060,'/ teaspoon truffle oil (optional)'),
	(2033,'/ teaspoon turmeric'),
	(2042,'/ whole (juice of) lemon'),
	(2085,'a deep-fry thermometer'),
	(1933,'a few large pitas, cut into  wedges'),
	(2002,'a good beef fillet (preferably aberdeen angus) of around kg/lb oz'),
	(1669,'agave nectar'),
	(1778,'almond extract'),
	(685,'american cheese'),
	(1814,'apple'),
	(1974,'asparagus tips'),
	(1796,'avocado'),
	(616,'bacon'),
	(2046,'bag baby spinach'),
	(1800,'baking powder'),
	(711,'barbecue sauce'),
	(641,'basil'),
	(695,'basil leaves'),
	(1907,'bay leaf'),
	(1929,'bay leaves'),
	(742,'bean sprouts'),
	(728,'beef bones'),
	(1827,'beef bouillon'),
	(628,'beef broth'),
	(729,'beef meat'),
	(1823,'beef roast'),
	(1739,'beef shank'),
	(668,'beef stock'),
	(1694,'black beans'),
	(1715,'black olives'),
	(1828,'boneless skinless chicken thighs'),
	(735,'bowls'),
	(1677,'breadcrumbs'),
	(636,'breakfast sausage'),
	(1973,'broccoli florets'),
	(725,'broth'),
	(1968,'bunch kale, thick stems removed and leaves cut into /-inch-wide strips'),
	(713,'buns'),
	(626,'butter'),
	(1745,'cabbage'),
	(1987,'can ( ounce) enchilada or red sauce'),
	(1656,'cannellini beans'),
	(1689,'canola oil'),
	(1742,'carrot'),
	(664,'carrots'),
	(1788,'cayenne'),
	(1992,'celery stalks, chopped'),
	(1927,'celery stalks, sliced or diced'),
	(1744,'chayotes'),
	(623,'cheddar cheese'),
	(1731,'chicken breasts'),
	(1684,'chili beans'),
	(1667,'chili powder'),
	(1729,'chipotle paste'),
	(1772,'chocolate'),
	(661,'chuck roast'),
	(1661,'cilantro'),
	(1768,'cinnamon'),
	(1776,'coffee liqueur'),
	(737,'cooked beef'),
	(1706,'coriander'),
	(1727,'corn'),
	(1666,'cotija'),
	(643,'cottage cheese'),
	(1642,'cream'),
	(1662,'cumin'),
	(1913,'cup  oz / g red split lentils (masoor dal)'),
	(1912,'cup /  oz / g yellow split peas'),
	(1928,'cup brown lentils, sorted and rinsed'),
	(1938,'cup cheddar, shredded'),
	(1943,'cup elbow macaroni'),
	(2061,'cup fontina or gruyere, shredded'),
	(2064,'cup guinness'),
	(2074,'cup quick-cooking oats'),
	(1998,'cup sherry (cooking sherry is fine)'),
	(1946,'cups /  oz /  g split red lentils, picked over and rinsed well'),
	(2030,'cups baby spinach, chopped'),
	(1935,'cups of finely chopped kale'),
	(2081,'dash of worcestershire'),
	(1984,'dill pickles chips'),
	(2034,'dumplings:'),
	(703,'egg'),
	(1756,'enchilada sauce'),
	(1674,'espresso'),
	(696,'fennel seeds'),
	(2018,'finely grated zest of  lemon'),
	(733,'fish sauce'),
	(1767,'flour'),
	(2069,'for cookie dough:'),
	(2067,'for cookies:'),
	(2075,'for the filling'),
	(1917,'for the garnishes:'),
	(1988,'for the meat:'),
	(1986,'for the sauce:'),
	(1989,'for the tortillas:'),
	(2055,'frozen peas'),
	(1953,'g asparagus, woody ends removed'),
	(2076,'g jar good-quality strawberry jam ( we used tiptree little scarlet)'),
	(1965,'g split red lentils'),
	(2003,'g/ oz chestnut mushroom , include some wild ones if you like'),
	(2005,'g/lb oz pack puff pastry , thawed if frozen'),
	(2052,'garam masala'),
	(618,'garlic'),
	(727,'ginger'),
	(1654,'grated cheese'),
	(1808,'green chiles'),
	(1824,'green chilies'),
	(1787,'ground allspice'),
	(615,'ground beef'),
	(631,'gruyere cheese'),
	(1699,'guacamole'),
	(1773,'half-and-half'),
	(2014,'handful fresh sage leaves'),
	(2016,'handful jerusalem artichokes, peeled and halved, optional'),
	(1922,'heads broccoli cut into florets'),
	(2094,'hoagie rolls, split lengthwise'),
	(743,'hoisin sauce'),
	(1815,'hot cocoa mix'),
	(1718,'hot sauce'),
	(714,'italian sausage'),
	(718,'italian seasoning'),
	(2083,'jalape&#;o, thinly sliced'),
	(712,'jalapeno'),
	(1795,'jalapenos'),
	(1980,'jalapeos, stems and seeds removed, diced'),
	(2086,'jar (large) marinara sauce'),
	(1948,'juice of three lemons, or to taste'),
	(625,'ketchup'),
	(1676,'kidney beans'),
	(1966,'l hot vegetable stock (from a cube is fine)'),
	(1949,'large bunch of spinach leaves, chopped'),
	(1958,'large celery stalk, diced (/-inch)'),
	(1970,'large minced shallots'),
	(1959,'large shallot, chopped'),
	(647,'lasagna noodles'),
	(1967,'leeks (white and light green parts), cut into /-inch-thick half-moons'),
	(1955,'leeks, trimmed and chopped'),
	(2091,'leftover baked ham, sliced'),
	(2049,'lemon'),
	(1659,'lemon juice'),
	(1813,'lettuce'),
	(1665,'lime'),
	(1971,'lots of seasonal vegetables, for example this pot had:'),
	(621,'mayonnaise'),
	(1957,'medium parsnip, diced (/-inch) (optional)'),
	(1755,'mexican cheese blend'),
	(1736,'milk'),
	(739,'mint'),
	(2017,'ml organic beef or vegetable stock'),
	(1737,'monterey jack cheese'),
	(720,'mostaciolli'),
	(622,'mozzarella'),
	(633,'mushrooms'),
	(1644,'nutmeg'),
	(2092,'oil for the grill'),
	(662,'olive oil'),
	(617,'onion'),
	(2053,'optional:'),
	(1785,'oregano'),
	(1829,'ounce jar of pesto'),
	(1835,'ounces cheese, grated/shredded, room temperature'),
	(1734,'ounces chorizo sausage'),
	(1941,'ounces ricotta'),
	(2047,'ounces, weight bowtie pasta (farfalle)'),
	(1936,'oz can of great northern white beans, drained'),
	(1830,'package ranch dressing seasoning mix'),
	(645,'parmesan cheese'),
	(634,'parsley'),
	(2015,'parsnips, peeled and quartered'),
	(1972,'patty pan squashes, cut into small cubes'),
	(1811,'pepitas'),
	(680,'pepper'),
	(731,'pho spices'),
	(676,'pickle relish'),
	(1716,'pico de gallo'),
	(1964,'pinch chilli flakes'),
	(1725,'pinto beans'),
	(1693,'poblano chiles'),
	(1993,'pork'),
	(1760,'pork loin'),
	(652,'potato'),
	(1995,'pound cubed beef stew meat'),
	(2009,'pound dry ziti pasta'),
	(2027,'pound fettuccine'),
	(2011,'pound large pasta shells, cooked'),
	(2045,'pound penne'),
	(2028,'pound thin linguine'),
	(2077,'pound thinly shaved roast beef or ham (or both!)'),
	(2006,'pounds beef sirloin, cut into  inch strips'),
	(1991,'pounds bone-in beef short ribs, cut crosswise into \" pieces'),
	(1985,'pounds ground meat (beef, bison, turkey)'),
	(1640,'pumpkin'),
	(1703,'quinoa'),
	(1748,'radishes'),
	(1779,'ramekins'),
	(1726,'ranch-style salad dressing'),
	(1708,'refried beans'),
	(1762,'rice'),
	(721,'ricotta cheese'),
	(670,'rosemary'),
	(660,'rye bread'),
	(1680,'salsa'),
	(1660,'salt'),
	(2089,'sandwich bun, sliced in half'),
	(1975,'scallions, sliced'),
	(2000,'several dashes worcestershire'),
	(1812,'shrimp'),
	(2038,'skewers'),
	(1832,'slices bread'),
	(2004,'slices prosciutto'),
	(2066,'slices rye, lightly toasted'),
	(1831,'slices sour dough bread'),
	(1908,'small head cauliflower, cut into florets'),
	(2063,'small jalapeño, stems and seeds removed, minced'),
	(2073,'small yellow squash, sliced'),
	(2072,'small zucchini, sliced'),
	(744,'sriracha hot sauce'),
	(1918,'stalk celery, finely diced'),
	(1920,'stalks celery, diced'),
	(2070,'stalks celery, washed and chopped'),
	(738,'steak'),
	(1999,'stew'),
	(1781,'stewing beef'),
	(2013,'sticks celery'),
	(1954,'sticks celery, trimmed and chopped'),
	(677,'sugar'),
	(1780,'sunflower oil'),
	(659,'swiss cheese'),
	(1643,'syrup'),
	(1709,'tabasco sauce'),
	(2035,'tablespoon (heaping) dijon mustard'),
	(2036,'tablespoon (heaping) grainy mustard'),
	(2059,'tablespoon celery, sliced'),
	(2080,'tablespoon horseradish mayo or straight prepared horseradish'),
	(2088,'tablespoon mayo'),
	(1910,'tablespoon oil'),
	(2078,'tablespoon poppy seeds'),
	(2079,'tablespoon spicy mustard'),
	(1947,'tablespoon turmeric'),
	(1932,'tablespoons ( grams) tahini paste'),
	(1914,'tablespoons curry powder'),
	(2090,'tablespoons grainy dijon mustard'),
	(1909,'tablespoons oil'),
	(1939,'tablespoons pickle, diced (optional)'),
	(2007,'tablespoons soy sauce'),
	(1837,'tablespoons spicy peanut sauce'),
	(1719,'taco seasoning'),
	(1977,'tbsp canola or grapeseed oil'),
	(2020,'tbsp mustard (optional)'),
	(1952,'teaspoon (or more) red thai curry paste'),
	(1944,'teaspoon celery seeds'),
	(1924,'teaspoon dijon mustard'),
	(2021,'teaspoon ground cardamom'),
	(2029,'teaspoon paprika'),
	(2026,'teaspoons cajun spice mix, more to taste'),
	(2044,'teaspoons chopped jalapeo'),
	(1950,'teaspoons curry powder'),
	(2065,'teaspoons grainy mustard'),
	(2056,'teaspoons paprika'),
	(669,'thyme'),
	(1930,'to  cups shredded or thinly ribboned swiss chard leaves or kale'),
	(2022,'to  tbsp of lingonberry, cranberry, red currant or raspberry jelly, more or less to taste (optional)'),
	(1990,'to assemble:'),
	(1688,'tomato'),
	(1794,'tortilla chips'),
	(1976,'tsp mild chilli powder'),
	(1961,'tsp soy sauce , plus extra for serving'),
	(2054,'turmeric'),
	(1771,'vanilla'),
	(672,'vegetable oil'),
	(730,'water'),
	(710,'whiskey'),
	(2084,'white sandwich rolls'),
	(678,'white vinegar'),
	(1919,'whole (to  whole) cauliflower heads (roughly chopped)'),
	(2087,'whole dinner rolls (or slider rolls)'),
	(2062,'whole french/deli rolls (earthgrains are best!)'),
	(2082,'whole good quality kaiser or deli rolls'),
	(2025,'whole lemons'),
	(2001,'whole turnips, peeled and diced'),
	(630,'wine'),
	(624,'worcestershire sauce'),
	(1765,'yeast'),
	(684,'yellow mustard'),
	(1707,'yogurt'),
	(1934,'zaatar (a middle eastern'),
	(1916,'_____');

/*!40000 ALTER TABLE `GeneralProduct` ENABLE KEYS */;
UNLOCK TABLES;


# Dump of table Ingredient
# ------------------------------------------------------------

DROP TABLE IF EXISTS `Ingredient`;

CREATE TABLE `Ingredient` (
  `id` int(11) unsigned NOT NULL AUTO_INCREMENT,
  `product` int(11) unsigned NOT NULL,
  `recipe` int(11) unsigned NOT NULL,
  `amount` int(11) NOT NULL,
  PRIMARY KEY (`id`),
  KEY `product` (`product`),
  KEY `recipe` (`recipe`),
  CONSTRAINT `ingredient_ibfk_1` FOREIGN KEY (`product`) REFERENCES `Product` (`id`),
  CONSTRAINT `ingredient_ibfk_2` FOREIGN KEY (`recipe`) REFERENCES `Recipe` (`id`)
) ENGINE=InnoDB DEFAULT CHARSET=latin1;

LOCK TABLES `Ingredient` WRITE;
/*!40000 ALTER TABLE `Ingredient` DISABLE KEYS */;

INSERT INTO `Ingredient` (`id`, `product`, `recipe`, `amount`)
VALUES
	(754,1982,63,261),
	(755,616,63,122),
	(756,617,63,415),
	(757,618,63,353),
	(758,1642,63,401),
	(760,2058,63,492),
	(761,622,63,80),
	(762,1938,63,360),
	(763,2081,63,307),
	(764,625,63,60),
	(765,626,64,399),
	(766,617,64,328),
	(767,628,64,54),
	(768,2081,64,456),
	(769,630,64,276),
	(770,631,64,370),
	(772,633,64,408),
	(773,634,64,274),
	(774,1982,65,267),
	(775,636,65,110),
	(776,618,65,96),
	(777,1688,65,167),
	(779,634,65,88),
	(780,641,65,190),
	(781,617,65,400),
	(782,643,65,449),
	(783,703,65,87),
	(784,645,65,397),
	(787,622,65,37),
	(788,647,65,481),
	(790,1982,66,471),
	(791,617,66,18),
	(792,1727,66,206),
	(793,652,66,231),
	(794,626,66,487),
	(795,628,66,14),
	(796,2081,66,294),
	(798,626,67,105),
	(799,617,67,140),
	(800,1982,67,40),
	(802,2081,67,105),
	(803,659,67,136),
	(804,660,67,429),
	(805,661,68,323),
	(806,1977,68,277),
	(807,617,68,160),
	(808,664,68,310),
	(810,680,68,418),
	(811,630,68,124),
	(812,668,68,15),
	(813,669,68,478),
	(814,670,68,65),
	(815,661,69,116),
	(816,1977,69,476),
	(817,617,69,390),
	(819,2058,69,128),
	(820,625,69,104),
	(821,676,69,154),
	(822,677,69,418),
	(823,678,69,304),
	(824,713,69,340),
	(825,680,69,297),
	(826,1794,69,156),
	(827,1688,69,467),
	(828,1813,69,417),
	(829,2020,69,346),
	(830,685,69,439),
	(831,714,70,461),
	(832,1982,70,246),
	(833,617,70,198),
	(834,618,70,338),
	(835,1688,70,147),
	(838,730,70,355),
	(839,677,70,16),
	(840,695,70,204),
	(841,696,70,176),
	(842,718,70,305),
	(844,680,70,59),
	(845,634,70,85),
	(846,647,70,149),
	(847,721,70,172),
	(848,703,70,145),
	(850,622,70,128),
	(851,645,70,421),
	(852,1982,71,329),
	(854,626,71,143),
	(855,617,71,211),
	(856,710,71,39),
	(857,711,71,189),
	(858,2063,71,393),
	(859,713,71,491),
	(860,1977,72,43),
	(861,618,72,347),
	(862,617,72,32),
	(863,714,72,248),
	(864,1982,72,74),
	(865,1688,72,376),
	(867,718,72,11),
	(868,680,72,255),
	(870,720,72,362),
	(871,721,72,489),
	(872,622,72,367),
	(873,645,72,297),
	(874,703,72,456),
	(875,634,72,263),
	(876,725,73,223),
	(877,617,73,227),
	(878,727,73,45),
	(879,728,73,125),
	(880,729,73,10),
	(881,730,73,299),
	(882,731,73,277),
	(884,733,73,330),
	(885,677,73,300),
	(886,735,73,288),
	(887,1762,73,249),
	(888,737,73,433),
	(889,1926,73,213),
	(890,739,73,452),
	(891,1665,73,346),
	(892,680,73,393),
	(893,742,73,474),
	(894,743,73,74),
	(895,744,73,143),
	(902,680,74,110),
	(906,1982,74,137),
	(907,617,74,240),
	(922,1977,75,293),
	(923,617,75,294),
	(927,1688,75,254),
	(929,634,75,160),
	(934,618,75,350),
	(937,1977,76,239),
	(939,617,76,87),
	(947,730,76,28),
	(953,617,77,60),
	(954,2081,77,308),
	(955,730,77,268),
	(959,718,78,423),
	(960,617,78,273),
	(961,730,78,114),
	(962,680,78,274),
	(967,618,78,398),
	(975,1977,79,362),
	(979,617,79,256),
	(980,618,79,219),
	(981,1688,79,418),
	(984,677,79,253),
	(987,634,79,27),
	(995,680,80,341),
	(996,1642,80,196),
	(997,1982,80,109),
	(1001,713,80,478),
	(1003,1688,80,295),
	(1005,1982,81,442),
	(1007,617,81,288),
	(1011,618,81,33),
	(1016,625,81,208),
	(1018,2081,81,87),
	(1019,1688,81,432),
	(1023,622,81,198),
	(1027,713,81,287),
	(1030,1977,82,471),
	(1038,703,82,106),
	(1040,618,83,308),
	(1041,1977,83,471),
	(1043,730,83,493),
	(1045,617,83,257),
	(1046,680,83,31),
	(1047,1688,83,273),
	(1049,677,83,378),
	(1051,1982,84,487),
	(1053,730,84,229),
	(1054,1642,84,260),
	(1056,2058,84,92),
	(1059,1938,84,287),
	(1061,1688,84,469),
	(1065,617,85,26),
	(1066,1982,85,459),
	(1068,703,85,149),
	(1070,680,85,443),
	(1072,625,85,178),
	(1073,730,85,165),
	(1074,2081,85,427),
	(1077,617,86,52),
	(1078,1982,86,65),
	(1082,622,86,169),
	(1083,645,86,372),
	(1085,617,87,497),
	(1086,618,87,343),
	(1087,1982,87,198),
	(1089,1688,87,293),
	(1100,680,88,91),
	(1102,1977,88,332),
	(1103,617,88,248),
	(1104,618,88,149),
	(1105,1982,88,82),
	(1107,1688,88,11),
	(1110,625,88,360),
	(1114,617,89,261),
	(1117,618,89,288),
	(1118,713,89,409),
	(1119,1977,89,181),
	(1121,680,89,386),
	(1122,1977,90,207),
	(1124,617,90,389),
	(1128,680,90,400),
	(1135,1688,90,255),
	(1140,618,90,354),
	(1143,1977,91,477),
	(1144,617,91,202),
	(1145,618,91,201),
	(1152,617,92,342),
	(1156,703,92,199),
	(1157,1982,92,336),
	(1162,680,92,92),
	(1172,1642,93,216),
	(1175,626,94,474),
	(1177,617,94,193),
	(1180,618,94,496),
	(1191,677,95,65),
	(1197,617,96,293),
	(1201,1977,97,248),
	(1202,626,97,258),
	(1203,680,97,177),
	(1205,617,97,331),
	(1206,618,97,173),
	(1207,1688,97,151),
	(1214,634,97,492),
	(1217,617,98,307),
	(1218,1977,98,135),
	(1219,626,98,368),
	(1221,618,98,256),
	(1223,1688,98,438),
	(1224,677,98,231),
	(1225,634,98,397),
	(1226,645,98,294),
	(1230,730,99,130),
	(1233,618,99,489),
	(1234,1982,99,292),
	(1236,680,99,377),
	(1240,1977,99,434),
	(1243,1977,100,380),
	(1246,618,100,438),
	(1249,617,100,84),
	(1250,680,100,85),
	(1253,1688,100,347),
	(1256,730,100,140),
	(1271,1977,101,305),
	(1272,617,101,266),
	(1274,618,101,403),
	(1276,1688,101,203),
	(1279,680,101,347),
	(1280,634,101,203),
	(1281,617,102,243),
	(1290,680,102,461),
	(1292,626,103,267),
	(1293,1977,103,467),
	(1299,617,103,209),
	(1300,1982,103,451),
	(1311,634,103,397),
	(1313,617,104,24),
	(1317,1688,104,284),
	(1326,1977,105,310),
	(1327,626,105,245),
	(1328,618,105,350),
	(1334,617,105,401),
	(1335,1977,106,98),
	(1338,680,106,24),
	(1340,618,106,237),
	(1341,617,106,275),
	(1345,680,107,65),
	(1347,1977,107,113),
	(1348,617,107,324),
	(1350,1688,107,332),
	(1361,634,108,223),
	(1367,680,109,366),
	(1376,617,110,219),
	(1379,680,110,226),
	(1380,1982,110,184),
	(1381,634,110,123),
	(1382,703,110,428),
	(1384,1982,111,309),
	(1386,617,111,28),
	(1389,618,111,17),
	(1392,1688,111,21),
	(1400,1982,112,430),
	(1401,617,112,13),
	(1403,618,112,449),
	(1409,713,112,122),
	(1417,617,113,154),
	(1418,626,113,279),
	(1419,1977,113,346),
	(1420,618,113,307),
	(1424,1688,113,361),
	(1425,645,113,22),
	(1427,626,114,263),
	(1429,617,114,51),
	(1430,618,114,73),
	(1435,645,114,262),
	(1436,634,114,28),
	(1438,617,115,474),
	(1441,618,115,487),
	(1442,1977,115,151),
	(1444,680,115,327),
	(1446,713,115,52),
	(1451,680,116,194),
	(1452,618,116,345),
	(1454,1982,116,452),
	(1455,617,116,395),
	(1458,713,116,453),
	(1461,1688,116,43),
	(1473,1977,118,491),
	(1477,617,119,302),
	(1478,1982,119,53),
	(1481,626,119,283),
	(1483,618,119,54),
	(1486,1688,119,477),
	(1487,677,119,426),
	(1493,680,119,176),
	(1502,617,121,164),
	(1504,680,121,84),
	(1507,618,121,204),
	(1510,680,122,126),
	(1519,617,123,107),
	(1523,1688,123,455),
	(1529,617,124,114),
	(1535,1977,125,123),
	(1536,617,125,338),
	(1538,618,125,209),
	(1542,634,125,325),
	(1545,703,125,286),
	(1548,617,126,451),
	(1557,617,127,122),
	(1558,618,127,322),
	(1563,680,127,295),
	(1564,1688,127,421),
	(1575,617,129,323),
	(1577,2081,129,213),
	(1584,1977,130,20),
	(1586,622,130,233),
	(1587,1688,130,494),
	(1595,677,132,20),
	(1597,703,132,466),
	(1601,617,132,312),
	(1614,622,133,288),
	(1616,645,133,179),
	(1620,703,135,317),
	(1625,713,135,94),
	(1628,2058,136,155),
	(1629,618,136,451),
	(1631,1977,136,98),
	(1632,680,136,156),
	(1634,617,136,198),
	(1644,677,137,30),
	(1646,703,137,192),
	(1654,677,138,245),
	(1656,703,138,64),
	(1665,713,139,99),
	(1667,622,139,125),
	(1668,2058,139,284),
	(1669,617,139,159),
	(1675,617,140,369),
	(1678,680,140,477),
	(1680,677,140,386),
	(1682,626,140,353),
	(1687,2058,140,375),
	(1693,618,141,144),
	(1694,2058,141,237),
	(1695,680,141,499),
	(1696,617,141,282),
	(1705,1977,141,173),
	(1709,1982,142,332),
	(1711,618,142,88),
	(1713,680,142,371),
	(1715,1977,142,15),
	(1716,617,142,299),
	(1721,703,143,373),
	(1728,703,144,237),
	(1738,1688,145,181),
	(1741,617,145,97),
	(1742,713,145,181),
	(1743,703,146,122),
	(1744,2058,146,273),
	(1746,617,146,228),
	(1754,1688,146,351),
	(1770,713,148,117),
	(1773,617,148,309),
	(1774,1688,148,181),
	(1780,1977,149,380),
	(1787,1688,151,94),
	(1789,617,151,289),
	(1790,680,151,455),
	(1791,618,151,361),
	(1792,730,151,343),
	(1802,1977,151,242),
	(1807,617,152,142),
	(1808,618,152,435),
	(1816,730,153,379),
	(1821,617,153,172),
	(1823,1688,153,75),
	(1829,617,154,34),
	(1833,634,154,365),
	(1841,617,155,179),
	(1850,680,155,157),
	(1852,634,155,358),
	(1855,617,156,485),
	(1857,680,156,58),
	(1858,618,156,44),
	(1860,626,156,396),
	(1866,2081,156,483),
	(1870,1977,157,259),
	(1871,714,157,251),
	(1872,617,157,136),
	(1875,618,157,327),
	(1877,680,157,418),
	(1880,1688,157,448),
	(1881,730,157,345),
	(1885,1977,158,497),
	(1887,617,158,272),
	(1888,618,158,115),
	(1889,1982,158,287),
	(1892,680,158,338),
	(1901,730,158,461),
	(1906,634,158,324),
	(1908,1919,159,210),
	(1909,1977,159,362),
	(1911,618,159,238),
	(1912,1977,159,27),
	(1919,1919,160,103),
	(1920,1918,160,480),
	(1921,618,160,274),
	(1922,680,160,449),
	(1925,1688,160,106),
	(1932,645,160,185),
	(1933,622,160,220),
	(1936,617,161,204),
	(1939,680,161,270),
	(1940,618,161,422),
	(1948,2081,161,47),
	(1955,677,161,398),
	(1957,730,161,375),
	(1961,703,161,403),
	(1967,617,162,285),
	(1968,1930,162,113),
	(1972,713,162,339),
	(1975,1977,163,497),
	(1976,617,163,418),
	(1979,1982,163,233),
	(1982,1688,163,416),
	(1984,703,163,308),
	(1989,730,164,486),
	(1992,1918,165,390),
	(1993,617,165,402),
	(1998,680,165,93),
	(1999,703,165,41),
	(2003,714,166,322),
	(2004,1977,166,456),
	(2005,617,166,460),
	(2006,618,166,264),
	(2007,680,166,421),
	(2011,1688,166,425),
	(2016,1977,167,61),
	(2017,617,167,155),
	(2019,730,167,269),
	(2022,680,167,149),
	(2026,703,167,113),
	(2027,634,167,352),
	(2029,617,168,404),
	(2039,617,169,411),
	(2041,730,169,296),
	(2044,680,169,227),
	(2045,626,169,234),
	(2050,1977,170,54),
	(2056,1977,171,489),
	(2058,1688,171,36),
	(2060,1977,171,326),
	(2064,703,172,297),
	(2066,730,172,147),
	(2103,1640,179,226),
	(2104,1731,179,391),
	(2105,1642,179,460),
	(2106,1643,179,41),
	(2107,1644,179,447),
	(2108,1660,179,199),
	(2110,1727,180,491),
	(2111,617,180,111),
	(2112,618,180,119),
	(2113,1662,180,189),
	(2114,1667,180,204),
	(2115,2063,180,478),
	(2116,1688,180,377),
	(2117,1694,180,453),
	(2118,1785,180,97),
	(2119,680,180,78),
	(2120,1661,180,270),
	(2121,703,180,395),
	(2122,1654,180,473),
	(2123,1694,181,465),
	(2124,1676,181,445),
	(2125,1656,181,72),
	(2126,680,181,21),
	(2128,1727,181,232),
	(2129,617,181,310),
	(2130,1977,181,250),
	(2131,630,181,324),
	(2132,1665,181,483),
	(2133,1948,181,295),
	(2134,677,181,227),
	(2135,1660,181,122),
	(2136,618,181,216),
	(2137,1661,181,176),
	(2138,1662,181,437),
	(2141,1667,181,417),
	(2142,626,182,373),
	(2143,1727,182,287),
	(2144,2063,182,138),
	(2145,2058,182,141),
	(2146,618,182,403),
	(2147,617,182,367),
	(2148,1661,182,167),
	(2149,1665,182,243),
	(2150,1666,182,249),
	(2151,1667,182,321),
	(2152,1736,183,81),
	(2153,1669,183,189),
	(2154,1772,183,154),
	(2155,1768,183,152),
	(2156,1660,183,194),
	(2157,1642,183,72),
	(2158,1674,183,26),
	(2159,1771,183,127),
	(2160,1676,184,104),
	(2161,1677,184,401),
	(2162,1667,184,72),
	(2163,1706,184,345),
	(2164,703,184,125),
	(2165,1680,184,12),
	(2166,1707,184,493),
	(2167,1665,184,132),
	(2168,713,184,203),
	(2169,1982,185,98),
	(2170,1680,185,402),
	(2171,1684,185,293),
	(2172,1794,185,489),
	(2173,1642,185,115),
	(2174,1715,185,240),
	(2175,617,185,116),
	(2176,1688,185,119),
	(2177,1938,185,343),
	(2178,1977,186,155),
	(2179,1762,186,466),
	(2180,1731,186,225),
	(2181,634,186,229),
	(2182,1661,186,74),
	(2183,1693,186,407),
	(2184,617,186,289),
	(2185,618,186,380),
	(2186,1660,186,402),
	(2187,1977,187,118),
	(2188,652,187,343),
	(2189,680,187,280),
	(2191,1982,187,230),
	(2192,1694,187,280),
	(2193,1719,187,155),
	(2194,730,187,455),
	(2195,1938,187,440),
	(2196,1813,187,240),
	(2197,1688,187,13),
	(2198,1642,187,325),
	(2199,1699,187,197),
	(2200,1977,188,496),
	(2201,617,188,419),
	(2202,680,188,35),
	(2203,1729,188,456),
	(2204,1688,188,465),
	(2205,1731,188,197),
	(2206,1703,188,387),
	(2208,1725,188,383),
	(2209,1706,188,212),
	(2210,1665,188,149),
	(2211,677,188,256),
	(2212,1707,188,468),
	(2213,1708,189,482),
	(2214,1709,189,164),
	(2215,1824,189,403),
	(2216,1662,189,249),
	(2217,1938,189,214),
	(2218,1642,189,326),
	(2219,1699,189,184),
	(2220,1737,189,111),
	(2221,1715,189,14),
	(2222,1716,189,221),
	(2223,1977,190,379),
	(2224,661,190,218),
	(2225,1660,190,35),
	(2226,680,190,313),
	(2227,617,190,328),
	(2229,1718,190,378),
	(2230,1719,190,444),
	(2231,1667,190,382),
	(2233,618,190,379),
	(2234,1977,191,228),
	(2235,1762,191,66),
	(2236,618,191,316),
	(2237,1662,191,23),
	(2238,617,191,72),
	(2239,1688,191,321),
	(2240,725,191,49),
	(2241,1727,192,32),
	(2242,680,192,10),
	(2243,1725,192,387),
	(2244,1726,192,331),
	(2247,1688,192,233),
	(2248,616,192,57),
	(2249,1938,192,249),
	(2250,617,192,426),
	(2251,1977,193,230),
	(2252,617,193,358),
	(2253,618,193,130),
	(2254,677,193,362),
	(2255,1729,193,13),
	(2256,1688,193,348),
	(2257,1731,193,360),
	(2259,1706,193,134),
	(2260,1727,193,323),
	(2261,1734,194,90),
	(2262,1727,194,333),
	(2263,703,194,392),
	(2264,1736,194,34),
	(2265,680,194,435),
	(2266,1660,194,433),
	(2267,1737,194,177),
	(2269,1680,194,210),
	(2270,1739,195,186),
	(2271,1977,195,436),
	(2272,1660,195,318),
	(2273,680,195,339),
	(2274,617,195,38),
	(2275,1688,195,79),
	(2276,628,195,276),
	(2277,730,195,132),
	(2278,1742,195,453),
	(2279,1661,195,312),
	(2280,652,195,302),
	(2281,1727,195,430),
	(2282,1744,195,218),
	(2283,1745,195,466),
	(2285,2063,195,73),
	(2288,1665,195,343),
	(2289,1748,195,20),
	(2290,1762,196,306),
	(2291,725,196,475),
	(2292,1688,196,414),
	(2293,617,196,108),
	(2294,618,196,88),
	(2295,626,196,488),
	(2296,1662,196,238),
	(2297,1725,196,403),
	(2298,1982,196,448),
	(2299,1680,196,186),
	(2300,1767,196,73),
	(2301,1755,196,53),
	(2302,1987,196,157),
	(2303,1727,196,78),
	(2304,1642,196,139),
	(2305,1661,196,155),
	(2306,661,197,487),
	(2307,1660,197,56),
	(2308,680,197,48),
	(2309,1977,197,97),
	(2310,617,197,32),
	(2312,1667,197,115),
	(2315,618,197,488),
	(2316,1760,198,402),
	(2317,1660,198,438),
	(2318,680,198,455),
	(2319,618,198,299),
	(2320,1729,198,487),
	(2321,730,198,120),
	(2322,1762,198,297),
	(2323,1665,198,105),
	(2324,1661,198,405),
	(2325,1765,199,229),
	(2326,730,199,61),
	(2327,1736,199,240),
	(2328,677,199,128),
	(2329,1660,199,318),
	(2330,626,199,244),
	(2331,703,199,138),
	(2332,1767,199,458),
	(2333,1768,199,199),
	(2339,1771,199,41),
	(2340,677,200,105),
	(2341,1772,200,276),
	(2342,1773,200,161),
	(2343,1736,200,138),
	(2344,1768,200,307),
	(2345,703,200,12),
	(2346,1776,200,178),
	(2347,1771,200,415),
	(2348,1778,200,241),
	(2349,1779,200,347),
	(2350,1977,201,206),
	(2351,1781,201,374),
	(2352,617,201,187),
	(2353,1729,201,200),
	(2354,618,201,287),
	(2355,727,201,479),
	(2356,1662,201,379),
	(2357,1768,201,367),
	(2358,1767,201,320),
	(2359,668,201,386),
	(2360,1688,201,275),
	(2361,1785,201,167),
	(2362,1676,201,369),
	(2363,617,202,38),
	(2364,618,202,306),
	(2365,725,202,388),
	(2366,1787,202,412),
	(2367,1768,202,224),
	(2368,1785,202,483),
	(2369,1662,202,301),
	(2370,1788,202,205),
	(2371,1661,202,443),
	(2372,1665,202,483),
	(2373,1731,202,490),
	(2374,680,202,47),
	(2376,1737,202,295),
	(2377,1794,202,255),
	(2378,2063,202,475),
	(2379,1796,202,72),
	(2381,626,203,235),
	(2382,677,203,41),
	(2383,703,203,366),
	(2384,1642,203,194),
	(2385,680,203,100),
	(2386,1737,203,453),
	(2387,1938,203,433),
	(2388,1767,203,342),
	(2389,1727,203,37),
	(2390,1800,203,33),
	(2391,1660,203,189),
	(2392,1731,204,337),
	(2393,1680,204,110),
	(2394,1938,204,364),
	(2395,618,204,144),
	(2396,1660,204,378),
	(2397,680,204,394),
	(2398,1662,204,136),
	(2399,1731,205,491),
	(2400,617,205,29),
	(2401,618,205,385),
	(2402,626,205,171),
	(2404,730,205,118),
	(2405,1662,205,204),
	(2406,1642,205,215),
	(2407,1737,205,144),
	(2409,1808,205,295),
	(2410,680,205,417),
	(2411,1688,205,257),
	(2412,1661,205,459),
	(2413,1811,206,111),
	(2414,1812,206,128),
	(2415,680,206,109),
	(2416,1977,206,226),
	(2418,630,206,424),
	(2419,2081,206,78),
	(2421,618,206,106),
	(2422,1813,206,24),
	(2423,1814,206,86),
	(2424,617,206,72),
	(2425,1815,207,90),
	(2426,680,207,138),
	(2427,1768,207,137),
	(2428,1642,207,292),
	(2429,1731,208,247),
	(2430,664,208,25),
	(2431,617,208,64),
	(2432,1660,208,233),
	(2433,1762,208,298),
	(2434,680,208,274),
	(2435,1796,208,405),
	(2436,1661,208,421),
	(2437,1665,208,475),
	(2438,1981,209,315),
	(2439,680,209,378),
	(2440,617,209,77),
	(2441,1824,209,407),
	(2442,1667,209,89),
	(2444,618,209,101),
	(2445,1662,209,144),
	(2447,1827,209,69),
	(2448,1828,210,174),
	(2449,1829,210,231),
	(2450,1830,210,387),
	(2451,725,210,193),
	(2452,616,211,341),
	(2453,1831,211,103),
	(2454,626,211,102),
	(2455,1938,211,430),
	(2456,1699,211,228),
	(2457,1794,211,173),
	(2458,626,212,471),
	(2459,1831,212,195),
	(2460,1833,212,440),
	(2461,1829,212,164),
	(2462,626,213,442),
	(2463,1831,213,345),
	(2464,1835,213,199),
	(2465,626,214,109),
	(2466,1831,214,10),
	(2467,1938,214,461),
	(2468,1828,214,212),
	(2469,1837,214,439),
	(2470,1796,214,101),
	(2471,1661,214,371),
	(2472,1718,214,308),
	(2473,626,215,194),
	(2474,1831,215,124),
	(2475,1835,215,151),
	(2476,1643,215,296),
	(2900,1828,151,404),
	(2902,1987,151,369),
	(2907,725,151,332),
	(2908,1662,151,72),
	(2909,1667,151,270),
	(2910,1660,151,375),
	(2912,1907,151,154),
	(2913,1727,151,28),
	(2914,1661,151,415),
	(2922,1835,64,169),
	(2923,1660,64,462),
	(2926,1919,152,435),
	(2927,1977,152,217),
	(2928,680,152,442),
	(2929,1977,152,398),
	(2932,669,152,423),
	(2933,725,152,447),
	(2934,1938,152,263),
	(2935,1642,152,269),
	(2937,2055,153,365),
	(2938,1928,153,73),
	(2940,1742,153,310),
	(2941,727,153,472),
	(2942,1950,153,246),
	(2943,626,153,156),
	(2945,1915,153,309),
	(2947,1736,153,245),
	(2948,1660,153,176),
	(2949,1661,153,81),
	(2950,1762,153,35),
	(2951,1828,100,189),
	(2953,1662,100,183),
	(2954,1667,100,418),
	(2956,1660,100,139),
	(2962,1824,100,92),
	(2966,1694,100,302),
	(2967,1727,100,317),
	(2971,1642,100,288),
	(2972,1796,100,77),
	(2974,1716,100,60),
	(2975,1835,100,201),
	(2976,1661,100,360),
	(2977,626,154,476),
	(2979,1742,154,421),
	(2980,1918,154,15),
	(2981,1919,154,434),
	(2983,725,154,499),
	(2984,1767,154,105),
	(2985,1736,154,119),
	(2986,1773,154,312),
	(2987,1660,154,370),
	(2988,1642,154,23),
	(2989,616,155,492),
	(2991,1742,155,422),
	(2992,1918,155,413),
	(2993,652,155,101),
	(2994,725,155,143),
	(2995,1767,155,297),
	(2996,1736,155,186),
	(2997,1642,155,148),
	(2998,1660,155,399),
	(3000,1921,155,144),
	(3002,1835,155,498),
	(3004,626,102,303),
	(3005,1767,102,421),
	(3006,1736,102,176),
	(3007,1773,102,165),
	(3008,1922,102,230),
	(3009,1644,102,74),
	(3010,1835,102,242),
	(3011,1660,102,406),
	(3013,725,102,134),
	(3014,616,156,343),
	(3016,1918,156,94),
	(3017,2063,156,57),
	(3019,669,156,104),
	(3021,1767,156,404),
	(3022,1923,156,170),
	(3023,725,156,65),
	(3024,1642,156,322),
	(3025,2020,156,309),
	(3027,1938,156,415),
	(3028,1788,156,347),
	(3031,1684,104,32),
	(3032,1694,104,225),
	(3033,1727,104,29),
	(3035,1937,104,110),
	(3036,1824,104,115),
	(3037,1719,104,127),
	(3038,1828,104,26),
	(3039,1938,104,244),
	(3040,1642,104,110),
	(3041,1794,104,56),
	(3048,1768,73,383),
	(3049,1660,73,467),
	(3055,1926,73,223),
	(3056,641,73,39),
	(3061,1718,73,498),
	(3065,1918,157,167),
	(3066,1742,157,69),
	(3068,1660,157,387),
	(3070,1928,157,311),
	(3071,1929,157,323),
	(3075,1930,157,316),
	(3076,1835,157,391),
	(3078,1742,158,230),
	(3081,1706,158,329),
	(3082,1662,158,468),
	(3083,1660,158,171),
	(3085,725,158,369),
	(3086,2055,158,403),
	(3090,1932,158,459),
	(3091,1948,158,15),
	(3094,1933,158,292),
	(3096,1934,158,190),
	(3100,1828,179,485),
	(3106,1742,159,28),
	(3109,626,159,425),
	(3112,725,159,82),
	(3113,1930,159,204),
	(3114,669,159,171),
	(3115,1907,159,479),
	(3116,1936,159,270),
	(3118,616,81,453),
	(3120,1742,81,486),
	(3121,1918,81,11),
	(3122,2063,81,264),
	(3124,1767,81,59),
	(3125,628,81,73),
	(3126,1937,81,258),
	(3127,652,81,225),
	(3129,2020,81,230),
	(3132,1813,81,253),
	(3133,1736,81,372),
	(3134,1938,81,342),
	(3136,1788,81,113),
	(3137,680,81,129),
	(3140,1939,81,413),
	(3141,1977,160,213),
	(3146,696,160,100),
	(3147,725,160,250),
	(3150,1785,160,141),
	(3151,1907,160,137),
	(3153,1940,160,136),
	(3154,1941,160,176),
	(3155,1942,160,24),
	(3157,641,160,499),
	(3158,616,161,482),
	(3160,1742,161,428),
	(3161,1918,161,147),
	(3162,2063,161,481),
	(3164,1767,161,424),
	(3165,725,161,266),
	(3166,1937,161,304),
	(3167,1644,161,420),
	(3168,1943,161,319),
	(3169,1642,161,109),
	(3170,2020,161,281),
	(3172,1938,161,326),
	(3173,1788,161,238),
	(3175,1831,161,414),
	(3176,1765,161,119),
	(3177,1660,161,162),
	(3179,1918,161,300),
	(3182,2068,161,379),
	(3186,1928,162,229),
	(3187,1947,162,330),
	(3188,626,162,251),
	(3189,1660,162,375),
	(3191,1662,162,132),
	(3192,2020,162,337),
	(3193,1661,162,218),
	(3194,1948,162,448),
	(3195,2046,162,288),
	(3196,1762,162,60),
	(3197,1707,162,14),
	(3198,626,163,108),
	(3200,1660,163,435),
	(3201,1950,163,286),
	(3202,1706,163,68),
	(3203,1662,163,18),
	(3204,1951,163,326),
	(3206,1736,163,245),
	(3208,1727,164,493),
	(3209,626,164,487),
	(3210,1736,164,195),
	(3211,1950,164,205),
	(3213,1660,164,201),
	(3214,1974,165,61),
	(3217,1918,165,109),
	(3218,1955,165,249),
	(3219,1828,165,200),
	(3220,1660,165,474),
	(3223,1831,165,58),
	(3224,626,165,329),
	(3231,1907,166,306),
	(3233,725,166,456),
	(3235,1930,166,100),
	(3236,1835,166,260),
	(3237,641,166,499),
	(3241,1828,167,175),
	(3243,1907,167,387),
	(3244,1660,167,76),
	(3246,1742,167,222),
	(3247,1957,167,165),
	(3248,1918,167,36),
	(3251,626,168,86),
	(3253,1959,168,354),
	(3254,1960,168,362),
	(3255,1660,168,301),
	(3256,1640,168,485),
	(3257,727,168,91),
	(3258,1762,168,333),
	(3262,727,167,425),
	(3263,618,167,246),
	(3264,1762,167,343),
	(3265,1727,167,15),
	(3266,633,167,481),
	(3268,1997,167,441),
	(3269,641,167,161),
	(3270,652,169,448),
	(3271,1918,169,477),
	(3273,1963,169,290),
	(3275,1828,169,304),
	(3276,1660,169,348),
	(3279,1767,169,381),
	(3280,1736,169,277),
	(3281,1662,170,288),
	(3282,1976,170,218),
	(3284,1742,170,477),
	(3285,1928,170,158),
	(3286,2017,170,12),
	(3287,1736,170,407),
	(3288,1831,170,379),
	(3290,1955,171,175),
	(3292,652,171,234),
	(3293,1930,171,96),
	(3294,1928,171,330),
	(3295,669,171,294),
	(3296,680,171,65),
	(3298,1736,172,31),
	(3300,727,172,68),
	(3301,1970,172,158),
	(3302,1660,172,491),
	(3303,1971,172,234),
	(3304,1972,172,473),
	(3305,1973,172,408),
	(3306,1974,172,133),
	(3307,1975,172,293),
	(3308,633,172,322),
	(3309,1661,172,100),
	(3322,1835,180,70),
	(3357,1788,183,415),
	(3361,1831,184,239),
	(3362,1976,184,152),
	(3368,1796,184,60),
	(3378,1977,186,165),
	(3380,1828,186,312),
	(3405,1828,188,163),
	(3420,1835,189,69),
	(3432,1788,190,231),
	(3441,1831,192,175),
	(3444,1830,192,498),
	(3457,1828,193,344),
	(3467,1835,194,26),
	(3496,1667,196,91),
	(3501,1835,196,334),
	(3513,1788,197,180),
	(3520,1979,198,324),
	(3573,1828,202,175),
	(3576,1835,202,150),
	(3578,1980,202,462),
	(3586,1835,203,339),
	(3592,1828,204,333),
	(3599,1828,205,400),
	(3607,1835,205,254),
	(3608,1727,205,355),
	(3615,1788,206,362),
	(3629,1828,208,131),
	(3630,1742,208,220),
	(3638,1981,209,464),
	(3643,1788,209,483),
	(3652,1835,63,481),
	(3675,1660,65,14),
	(3676,1835,65,464),
	(3683,1977,65,138),
	(3684,1982,66,19),
	(3686,1742,66,216),
	(3691,680,66,386),
	(3695,680,67,250),
	(3697,1835,67,69),
	(3698,1831,67,24),
	(3702,1742,68,480),
	(3703,1660,68,175),
	(3705,628,68,364),
	(3709,1983,69,237),
	(3712,1660,69,307),
	(3720,1984,69,131),
	(3734,641,70,250),
	(3737,1660,70,67),
	(3741,1835,70,413),
	(3746,1982,71,99),
	(3747,680,71,298),
	(3765,1835,72,252),
	(3791,1977,74,398),
	(3792,1767,74,317),
	(3793,1987,74,72),
	(3794,725,74,93),
	(3795,1660,74,29),
	(3797,1661,74,293),
	(3802,1824,74,451),
	(3806,1727,74,465),
	(3810,1938,74,193),
	(3811,1715,74,365),
	(3814,1991,75,475),
	(3815,680,75,91),
	(3818,1742,75,400),
	(3819,1918,75,109),
	(3820,1767,75,415),
	(3822,630,75,222),
	(3824,669,75,353),
	(3825,1785,75,158),
	(3826,670,75,94),
	(3827,1929,75,103),
	(3829,668,75,343),
	(3830,1993,76,131),
	(3833,680,76,70),
	(3834,1814,76,205),
	(3835,668,76,387),
	(3838,1907,76,26),
	(3839,1762,76,400),
	(3842,1828,76,391),
	(3843,626,76,424),
	(3844,1994,76,376),
	(3845,1995,77,101),
	(3846,1996,77,177),
	(3850,1835,77,179),
	(3851,661,78,75),
	(3852,628,78,489),
	(3854,1660,78,166),
	(3857,626,78,448),
	(3862,1997,78,216),
	(3863,1998,78,432),
	(3867,670,78,34),
	(3868,1999,79,20),
	(3870,626,79,350),
	(3871,661,79,108),
	(3872,680,79,204),
	(3876,668,79,485),
	(3877,2081,79,403),
	(3879,1742,79,207),
	(3880,2001,79,273),
	(3882,652,79,16),
	(3884,1835,79,201),
	(3886,1642,79,90),
	(3887,1660,79,241),
	(3889,2063,80,43),
	(3890,1835,80,490),
	(3893,616,80,66),
	(3894,1938,80,131),
	(3896,1813,80,431),
	(3923,2002,82,99),
	(3925,2003,82,406),
	(3926,626,82,261),
	(3927,669,82,455),
	(3928,630,82,273),
	(3929,2004,82,306),
	(3930,2005,82,272),
	(3931,1767,82,454),
	(3933,2006,83,365),
	(3936,1827,83,160),
	(3938,1727,83,344),
	(3942,1997,83,493),
	(3944,1660,83,466),
	(3946,1719,84,418),
	(3948,1835,84,297),
	(3951,1680,84,331),
	(3954,1813,84,104),
	(3956,1796,84,267),
	(3957,1715,84,75),
	(3958,1661,84,217),
	(3961,1831,85,120),
	(3963,1660,85,319),
	(3965,1767,85,329),
	(3969,2020,85,142),
	(3970,2009,86,233),
	(3973,2010,86,214),
	(3974,1835,86,88),
	(3975,1642,86,75),
	(3978,1977,87,100),
	(3982,1719,87,344),
	(3984,1727,87,51),
	(3985,1694,87,403),
	(3986,1835,87,182),
	(3987,1718,87,106),
	(3988,680,87,160),
	(3989,1680,87,121),
	(3990,2011,87,497),
	(3991,626,87,319),
	(3992,1831,87,461),
	(3995,1660,88,358),
	(4000,1762,88,20),
	(4002,1785,88,483),
	(4005,2081,88,282),
	(4006,1709,88,425),
	(4007,2012,89,391),
	(4009,1742,89,274),
	(4010,1918,89,312),
	(4012,670,89,33),
	(4014,1660,89,63),
	(4017,626,90,227),
	(4019,2014,90,255),
	(4020,1926,90,277),
	(4021,1660,90,134),
	(4023,1767,90,336),
	(4024,2015,90,270),
	(4025,1742,90,392),
	(4027,2016,90,114),
	(4028,652,90,199),
	(4030,630,90,318),
	(4031,2017,90,328),
	(4032,1948,90,454),
	(4033,670,90,107),
	(4035,2019,91,45),
	(4036,1660,91,327),
	(4040,669,91,105),
	(4041,670,91,127),
	(4042,1929,91,292),
	(4043,668,91,498),
	(4044,1742,91,94),
	(4045,2020,91,257),
	(4046,1835,92,93),
	(4047,626,92,355),
	(4048,1736,92,463),
	(4049,1831,92,288),
	(4051,1993,92,462),
	(4053,1660,92,264),
	(4054,1644,92,389),
	(4055,2021,92,367),
	(4058,1767,92,159),
	(4059,668,92,261),
	(4060,1642,92,394),
	(4062,2022,92,187),
	(4063,1828,93,186),
	(4064,680,93,286),
	(4065,2063,93,237),
	(4066,1835,93,34),
	(4067,1938,93,379),
	(4068,616,93,239),
	(4070,1828,94,50),
	(4072,1742,94,351),
	(4073,1918,94,301),
	(4075,1767,94,158),
	(4077,1718,94,181),
	(4078,652,94,227),
	(4079,680,94,222),
	(4080,1642,94,252),
	(4081,1835,94,257),
	(4082,1828,95,494),
	(4083,2023,95,335),
	(4084,2024,95,162),
	(4086,2081,95,369),
	(4087,1828,96,294),
	(4088,626,96,350),
	(4089,1948,96,226),
	(4090,670,96,76),
	(4091,680,96,153),
	(4092,1828,97,259),
	(4093,2026,97,43),
	(4094,2027,97,355),
	(4102,725,97,220),
	(4103,630,97,409),
	(4104,1642,97,225),
	(4105,1788,97,270),
	(4107,1660,97,367),
	(4109,1828,98,138),
	(4110,1767,98,422),
	(4111,680,98,244),
	(4116,630,98,366),
	(4120,1835,98,141),
	(4121,2028,98,411),
	(4122,1828,99,197),
	(4123,725,99,172),
	(4125,2056,99,445),
	(4126,1660,99,189),
	(4128,1662,99,95),
	(4129,1667,99,172),
	(4130,2063,99,267),
	(4131,2046,99,264),
	(4132,1767,99,117),
	(4133,1835,99,411),
	(4135,1680,99,30),
	(4162,626,101,246),
	(4163,725,101,114),
	(4164,1828,101,451),
	(4167,1660,101,347),
	(4169,1785,101,98),
	(4171,1703,101,164),
	(4172,2031,101,188),
	(4188,1767,103,47),
	(4189,1828,103,369),
	(4190,680,103,442),
	(4191,1742,103,352),
	(4192,1918,103,237),
	(4194,669,103,437),
	(4195,2033,103,475),
	(4196,725,103,367),
	(4197,1814,103,379),
	(4198,1642,103,193),
	(4201,1727,103,218),
	(4202,1800,103,167),
	(4203,1660,103,40),
	(4204,1773,103,384),
	(4219,1828,105,323),
	(4223,630,105,456),
	(4224,2020,105,282),
	(4225,2020,105,35),
	(4226,1642,105,191),
	(4227,725,105,316),
	(4228,680,105,315),
	(4230,2037,106,308),
	(4231,1997,106,233),
	(4233,1828,106,140),
	(4237,2038,106,182),
	(4238,1828,107,452),
	(4240,618,107,286),
	(4243,2039,107,33),
	(4245,641,107,457),
	(4246,1785,107,298),
	(4247,670,107,95),
	(4248,669,107,273),
	(4249,1828,108,360),
	(4250,680,108,172),
	(4251,2037,108,321),
	(4252,2020,108,121),
	(4253,641,108,21),
	(4254,2056,108,400),
	(4256,2020,109,234),
	(4257,2037,109,378),
	(4258,1948,109,168),
	(4259,2056,109,87),
	(4260,1660,109,55),
	(4262,1828,109,151),
	(4263,616,109,313),
	(4265,1938,109,271),
	(4266,1977,109,296),
	(4267,1828,110,350),
	(4268,1742,110,344),
	(4269,1918,110,451),
	(4271,1660,110,15),
	(4272,2033,110,181),
	(4274,669,110,381),
	(4277,1767,110,45),
	(4278,1828,111,320),
	(4279,1977,111,21),
	(4281,1918,111,10),
	(4282,1742,111,332),
	(4284,1662,111,26),
	(4285,725,111,55),
	(4287,1656,111,116),
	(4288,2056,111,41),
	(4289,1785,111,417),
	(4290,1788,111,368),
	(4291,1718,111,108),
	(4292,680,111,75),
	(4293,1835,111,432),
	(4294,1828,112,223),
	(4296,1661,112,395),
	(4298,2044,112,472),
	(4299,1662,112,86),
	(4300,2056,112,285),
	(4301,1938,112,265),
	(4302,680,112,311),
	(4304,1642,112,152),
	(4305,1813,112,120),
	(4307,1699,112,122),
	(4308,1680,112,423),
	(4309,2045,113,66),
	(4310,1828,113,51),
	(4311,680,113,351),
	(4315,630,113,377),
	(4316,725,113,494),
	(4317,2046,113,397),
	(4319,1835,113,90),
	(4320,2047,114,271),
	(4322,1828,114,50),
	(4323,680,114,428),
	(4325,725,114,471),
	(4326,1773,114,353),
	(4327,1642,114,85),
	(4329,2048,114,304),
	(4346,1828,115,263),
	(4348,1742,115,461),
	(4349,1918,115,103),
	(4352,1660,115,296),
	(4354,1948,115,33),
	(4355,670,115,68),
	(4356,2050,116,258),
	(4357,1665,116,86),
	(4358,1977,116,149),
	(4360,2063,116,477),
	(4362,1661,116,139),
	(4363,1662,116,164),
	(4364,1660,116,84),
	(4366,1828,116,98),
	(4369,1813,116,340),
	(4371,616,116,390),
	(4372,1699,116,431),
	(4373,2051,116,440),
	(4381,1828,118,78),
	(4383,680,118,242),
	(4385,1828,119,49),
	(4386,1660,119,15),
	(4387,1706,119,96),
	(4388,1662,119,493),
	(4389,1707,119,227),
	(4393,727,119,97),
	(4394,2052,119,358),
	(4397,1642,119,188),
	(4398,1762,119,51),
	(4401,1661,119,332),
	(4403,2033,119,87),
	(4404,2055,119,54),
	(4409,1660,121,67),
	(4410,2056,121,133),
	(4412,669,121,482),
	(4414,1788,121,51),
	(4418,1828,121,263),
	(4419,2063,122,281),
	(4420,1831,122,248),
	(4421,626,122,73),
	(4422,1835,122,306),
	(4423,1938,122,229),
	(4424,1794,122,82),
	(4425,2055,123,407),
	(4426,1796,123,62),
	(4427,1661,123,173),
	(4429,1665,123,385),
	(4430,680,123,233),
	(4431,1831,123,465),
	(4432,1813,123,462),
	(4433,1828,124,280),
	(4434,1718,124,99),
	(4435,2058,124,374),
	(4436,1742,124,141),
	(4437,1918,124,61),
	(4439,1835,124,232),
	(4440,1938,124,315),
	(4441,1831,124,349),
	(4442,626,124,348),
	(4443,626,125,48),
	(4446,633,125,432),
	(4448,669,125,342),
	(4449,725,125,26),
	(4450,680,125,61),
	(4452,1977,125,231),
	(4453,2061,125,137),
	(4455,1831,125,367),
	(4458,626,126,331),
	(4459,1926,126,152),
	(4460,1660,126,227),
	(4461,2081,126,317),
	(4462,1709,126,403),
	(4463,2062,126,142),
	(4464,1699,127,191),
	(4465,1796,127,58),
	(4468,2063,127,93),
	(4469,1661,127,264),
	(4470,1665,127,74),
	(4471,1660,127,24),
	(4474,1831,127,411),
	(4475,1938,127,411),
	(4483,1977,129,340),
	(4485,2064,129,357),
	(4487,2020,129,221),
	(4488,626,129,203),
	(4489,2066,129,123),
	(4490,1938,129,156),
	(4491,1727,129,195),
	(4492,1831,130,12),
	(4494,641,130,191),
	(4497,680,130,464),
	(4503,626,132,109),
	(4507,1771,132,125),
	(4508,1767,132,229),
	(4509,2068,132,407),
	(4510,1660,132,326),
	(4511,1772,132,349),
	(4518,1642,132,37),
	(4539,1831,133,279),
	(4541,1835,133,74),
	(4542,641,133,486),
	(4548,2058,135,326),
	(4549,680,135,386),
	(4550,1948,135,256),
	(4551,1918,135,275),
	(4552,2071,135,140),
	(4553,1813,135,307),
	(4554,1831,135,272),
	(4557,1948,136,85),
	(4560,2072,136,475),
	(4562,2073,136,327),
	(4563,1831,136,111),
	(4564,1835,136,432),
	(4565,1767,137,261),
	(4566,2068,137,305),
	(4567,1800,137,305),
	(4568,1660,137,316),
	(4569,626,137,284),
	(4574,1771,137,345),
	(4575,2074,137,230),
	(4580,1642,137,403),
	(4582,626,138,25),
	(4584,1767,138,317),
	(4585,1800,138,99),
	(4586,1736,138,352),
	(4589,1771,138,460),
	(4590,2076,138,423),
	(4593,2077,139,162),
	(4594,1835,139,132),
	(4597,2078,139,499),
	(4598,2020,139,266),
	(4599,2058,139,227),
	(4600,2081,139,475),
	(4601,618,139,321),
	(4603,1993,140,476),
	(4608,2082,140,35),
	(4610,1745,140,210),
	(4612,2063,140,385),
	(4613,1736,140,115),
	(4615,678,140,58),
	(4617,1660,140,70),
	(4618,1788,140,290),
	(4619,1661,140,238),
	(4625,1745,141,249),
	(4626,1831,141,126),
	(4627,1767,141,167),
	(4629,1660,141,482),
	(4630,626,141,314),
	(4631,1828,141,179),
	(4633,2084,141,208),
	(4637,1831,142,58),
	(4639,1660,142,418),
	(4641,1736,142,253),
	(4644,2086,142,475),
	(4645,2087,142,162),
	(4646,1835,142,32),
	(4647,616,143,81),
	(4649,626,143,174),
	(4650,1831,143,475),
	(4652,1938,143,444),
	(4653,1796,143,355),
	(4654,616,144,11),
	(4656,1831,144,53),
	(4658,1796,144,44),
	(4660,680,144,190),
	(4661,1828,145,190),
	(4662,680,145,293),
	(4663,2058,145,411),
	(4664,1813,145,262),
	(4666,616,145,396),
	(4667,1796,145,457),
	(4669,2089,145,469),
	(4672,2020,146,308),
	(4673,680,146,51),
	(4674,2081,146,358),
	(4675,2091,146,263),
	(4676,1831,146,332),
	(4678,1835,146,382),
	(4680,1796,146,149),
	(4682,1813,146,63),
	(4691,1828,148,247),
	(4692,2056,148,220),
	(4693,680,148,265),
	(4694,1977,148,147),
	(4695,1718,148,80),
	(4696,626,148,500),
	(4698,616,148,410),
	(4699,1835,148,395),
	(4702,1813,148,270),
	(4703,2058,148,213),
	(4704,1828,149,409),
	(4705,2093,149,323),
	(4706,1830,149,229),
	(4708,2094,149,289);

/*!40000 ALTER TABLE `Ingredient` ENABLE KEYS */;
UNLOCK TABLES;


# Dump of table Product
# ------------------------------------------------------------

DROP TABLE IF EXISTS `Product`;

CREATE TABLE `Product` (
  `id` int(11) unsigned NOT NULL AUTO_INCREMENT,
  `name` varchar(500) NOT NULL DEFAULT '',
  `weight` int(11) NOT NULL,
  `general_product` int(11) unsigned NOT NULL,
  PRIMARY KEY (`id`),
  UNIQUE KEY `name` (`name`),
  KEY `general_product` (`general_product`),
  CONSTRAINT `product_ibfk_1` FOREIGN KEY (`general_product`) REFERENCES `GeneralProduct` (`id`)
) ENGINE=InnoDB DEFAULT CHARSET=latin1;

LOCK TABLES `Product` WRITE;
/*!40000 ALTER TABLE `Product` DISABLE KEYS */;

INSERT INTO `Product` (`id`, `name`, `weight`, `general_product`)
VALUES
	(616,'bacon',800,616),
	(617,'onion',999,617),
	(618,'garlic',286,618),
	(622,'mozzarella',950,622),
	(625,'ketchup',537,625),
	(626,'butter',549,626),
	(628,'beef broth',95,628),
	(630,'wine',232,630),
	(631,'gruyere cheese',241,631),
	(633,'mushrooms',677,633),
	(634,'parsley',260,634),
	(636,'breakfast sausage',923,636),
	(641,'basil',745,641),
	(643,'cottage cheese',375,643),
	(645,'parmesan cheese',101,645),
	(647,'lasagna noodles',203,647),
	(652,'potato',286,652),
	(659,'swiss cheese',385,659),
	(660,'rye bread',966,660),
	(661,'chuck roast',668,661),
	(664,'carrots',401,664),
	(668,'beef stock',953,668),
	(669,'thyme',237,669),
	(670,'rosemary',901,670),
	(676,'pickle relish',801,676),
	(677,'sugar',52,677),
	(678,'white vinegar',860,678),
	(680,'pepper',293,680),
	(685,'american cheese',308,685),
	(695,'basil leaves',820,695),
	(696,'fennel seeds',764,696),
	(703,'egg',437,703),
	(710,'whiskey',435,710),
	(711,'barbecue sauce',629,711),
	(713,'buns',792,713),
	(714,'italian sausage',175,714),
	(718,'italian seasoning',817,718),
	(720,'mostaciolli',935,720),
	(721,'ricotta cheese',839,721),
	(725,'broth',437,725),
	(727,'ginger',356,727),
	(728,'beef bones',602,728),
	(729,'beef meat',683,729),
	(730,'water',865,730),
	(731,'pho spices',149,731),
	(733,'fish sauce',661,733),
	(735,'bowls',267,735),
	(737,'cooked beef',135,737),
	(739,'mint',677,739),
	(742,'bean sprouts',740,742),
	(743,'hoisin sauce',872,743),
	(744,'sriracha hot sauce',138,744),
	(1640,'pumpkin',834,1640),
	(1642,'cream',593,1642),
	(1643,'syrup',226,1643),
	(1644,'nutmeg',534,1644),
	(1654,'grated cheese',261,1654),
	(1656,'cannellini beans',887,1656),
	(1660,'salt',193,1660),
	(1661,'cilantro',190,1661),
	(1662,'cumin',923,1662),
	(1665,'lime',216,1665),
	(1666,'cotija',66,1666),
	(1667,'chili powder',841,1667),
	(1669,'agave nectar',602,1669),
	(1674,'espresso',63,1674),
	(1676,'kidney beans',837,1676),
	(1677,'breadcrumbs',907,1677),
	(1680,'salsa',956,1680),
	(1684,'chili beans',330,1684),
	(1688,'tomato',604,1688),
	(1693,'poblano chiles',655,1693),
	(1694,'black beans',961,1694),
	(1699,'guacamole',856,1699),
	(1703,'quinoa',139,1703),
	(1706,'coriander',250,1706),
	(1707,'yogurt',243,1707),
	(1708,'refried beans',51,1708),
	(1709,'tabasco sauce',846,1709),
	(1715,'black olives',843,1715),
	(1716,'pico de gallo',541,1716),
	(1718,'hot sauce',479,1718),
	(1719,'taco seasoning',790,1719),
	(1725,'pinto beans',329,1725),
	(1726,'ranch-style salad dressing',395,1726),
	(1727,'corn',543,1727),
	(1729,'chipotle paste',690,1729),
	(1731,'chicken breasts',982,1731),
	(1734,'ounces chorizo sausage',327,1734),
	(1736,'milk',710,1736),
	(1737,'monterey jack cheese',662,1737),
	(1739,'beef shank',946,1739),
	(1742,'carrot',640,1742),
	(1744,'chayotes',216,1744),
	(1745,'cabbage',368,1745),
	(1748,'radishes',516,1748),
	(1755,'mexican cheese blend',579,1755),
	(1760,'pork loin',589,1760),
	(1762,'rice',546,1762),
	(1765,'yeast',86,1765),
	(1767,'flour',621,1767),
	(1768,'cinnamon',103,1768),
	(1771,'vanilla',413,1771),
	(1772,'chocolate',802,1772),
	(1773,'half-and-half',877,1773),
	(1776,'coffee liqueur',983,1776),
	(1778,'almond extract',340,1778),
	(1779,'ramekins',532,1779),
	(1781,'stewing beef',604,1781),
	(1785,'oregano',70,1785),
	(1787,'ground allspice',885,1787),
	(1788,'cayenne',669,1788),
	(1794,'tortilla chips',221,1794),
	(1796,'avocado',401,1796),
	(1800,'baking powder',833,1800),
	(1808,'green chiles',979,1808),
	(1811,'pepitas',548,1811),
	(1812,'shrimp',937,1812),
	(1813,'lettuce',338,1813),
	(1814,'apple',374,1814),
	(1815,'hot cocoa mix',278,1815),
	(1824,'green chilies',993,1824),
	(1827,'beef bouillon',132,1827),
	(1828,'chicken',680,1828),
	(1829,'pesto',788,1829),
	(1830,'ranch',95,1830),
	(1831,'bread',410,1831),
	(1833,'graviera',995,1833),
	(1835,'cheese',634,1835),
	(1837,'peanut sauce',159,1837),
	(1907,'bay leaf',852,1907),
	(1915,'raisins',692,1915),
	(1918,'celery',484,1918),
	(1919,'cauliflower',142,1919),
	(1921,'cajun spice',175,1921),
	(1922,'brocolli',135,1922),
	(1923,'ale',400,1923),
	(1926,'steak',760,1926),
	(1928,'lentils',562,1928),
	(1929,'bay leaves',738,1929),
	(1930,'kale',975,1930),
	(1932,'tahini paste',592,1932),
	(1933,'pita',69,1933),
	(1934,'zaatar',85,1934),
	(1936,'white beans',305,1936),
	(1937,'beer',910,1937),
	(1938,'cheddar',418,1938),
	(1939,'pickle',204,1939),
	(1940,'pasta',855,1940),
	(1941,'ricotta',755,1941),
	(1942,'parmesan',924,1942),
	(1943,'macaroni',354,1943),
	(1947,'tumeric',449,1947),
	(1948,'lemons',89,1948),
	(1950,'teaspoons curry powder',834,1950),
	(1951,'chile flakes',847,1951),
	(1955,'leeks',259,1955),
	(1957,'parsnip',355,1957),
	(1959,'shallot',547,1959),
	(1960,'serrano chile',575,1960),
	(1963,'ham',851,1963),
	(1970,'large minced shallots',749,1970),
	(1971,'vegetables',145,1971),
	(1972,'squashes',365,1972),
	(1973,'broccoli',403,1973),
	(1974,'asparagus tips',761,1974),
	(1975,'scallions',753,1975),
	(1976,'chilli powder',781,1976),
	(1977,'oil',275,1977),
	(1979,'chipotle sauce',210,1979),
	(1980,'jalapeos',414,1980),
	(1981,'beef roast',360,1981),
	(1982,'ground beef',340,1982),
	(1983,'beef chuck',313,1983),
	(1984,'dill pickles chips',185,1984),
	(1987,'enchilada sauce',744,1987),
	(1991,'short ribs',77,1991),
	(1993,'pork',422,1993),
	(1994,'pecans',63,1994),
	(1995,'beef stew meat',910,1995),
	(1996,'mushroom soup',558,1996),
	(1997,'soy sauce',934,1997),
	(1998,'sherry',584,1998),
	(1999,'stew',600,1999),
	(2001,'turnip',255,2001),
	(2002,'beef fillet',78,2002),
	(2003,'chestnut mushroom',460,2003),
	(2004,'prosciutto',250,2004),
	(2005,'puff pastry',501,2005),
	(2006,'beef sirloin',629,2006),
	(2009,'ziti pasta',598,2009),
	(2010,'spaghetti sauce',518,2010),
	(2011,'pasta shells',112,2011),
	(2012,'topside of beef',933,2012),
	(2014,'sage leaves',462,2014),
	(2015,'parsnips',866,2015),
	(2016,'jerusalem artichokes',621,2016),
	(2017,'vegetable stock',447,2017),
	(2019,'beef brisket',314,2019),
	(2020,'mustard',130,2020),
	(2021,'cardamom',737,2021),
	(2022,'ingonberry, cranberry, red currant or raspberry jelly',52,2022),
	(2023,'barbeque sauce',171,2023),
	(2024,'italian salad dressing',832,2024),
	(2026,'cajun spice mix',534,2026),
	(2027,'fettuccine',158,2027),
	(2028,'linguine',533,2028),
	(2031,'olives',973,2031),
	(2033,'turmeric',625,2033),
	(2037,'honey',324,2037),
	(2038,'skewers',631,2038),
	(2039,'balsamic vinegar',645,2039),
	(2044,'chopped jalapeo',917,2044),
	(2045,'penne',562,2045),
	(2046,'spinach',91,2046),
	(2047,'bowtie pasta',609,2047),
	(2048,'parmesan shavings or grated parmesan',924,2048),
	(2050,'tequila',276,2050),
	(2051,'queso fresco',999,2051),
	(2052,'garam masala',163,2052),
	(2055,'frozen peas',211,2055),
	(2056,'paprika',510,2056),
	(2058,'mayo',313,2058),
	(2061,'fontina',849,2061),
	(2062,'french roll',665,2062),
	(2063,'jalapeño',673,2063),
	(2064,'guinness',750,2064),
	(2066,'rye',228,2066),
	(2068,'baking soda',548,2068),
	(2071,'chives',474,2071),
	(2072,'zucchini',333,2072),
	(2073,'yellow squash',637,2073),
	(2074,'quick-cooking oats',618,2074),
	(2076,'strawberry jam',542,2076),
	(2077,'roast beef',958,2077),
	(2078,'poppy seeds',998,2078),
	(2081,'dash of worcestershire',130,2081),
	(2082,'kaiser or deli rolls',517,2082),
	(2084,'white sandwich rolls',572,2084),
	(2086,'marinara sauce',888,2086),
	(2087,'dinner rolls',437,2087),
	(2089,'sandwich bun',152,2089),
	(2091,'baked ham',271,2091),
	(2093,'buffalo wing sauce',92,2093),
	(2094,'hoagie rolls',101,2094);

/*!40000 ALTER TABLE `Product` ENABLE KEYS */;
UNLOCK TABLES;


# Dump of table Recipe
# ------------------------------------------------------------

DROP TABLE IF EXISTS `Recipe`;

CREATE TABLE `Recipe` (
  `id` int(11) unsigned NOT NULL AUTO_INCREMENT,
  `name` varchar(500) NOT NULL DEFAULT '',
  PRIMARY KEY (`id`),
  UNIQUE KEY `name` (`name`)
) ENGINE=InnoDB DEFAULT CHARSET=latin1;

LOCK TABLES `Recipe` WRITE;
/*!40000 ALTER TABLE `Recipe` DISABLE KEYS */;

INSERT INTO `Recipe` (`id`, `name`)
VALUES
	(163,'A Simple Tomato Soup'),
	(203,'Absolute Mexican Cornbread'),
	(156,'Ale and Cheddar Soup'),
	(194,'Authentic Mexican Breakfast Tacos'),
	(63,'Bacon Double Cheese Burger Dip'),
	(81,'Bacon Double Cheeseburger Soup'),
	(211,'Bacon Guacamole Grilled Cheese Sandwich'),
	(143,'Bacon Jam and Avocado Grilled Cheese Sandwich'),
	(144,'Bacon Jam Breakfast Sandwich with Fried Egg and Avocado'),
	(80,'Bacon Wrapped Jalapeno Popper Burgers'),
	(93,'Bacon Wrapped Jalapeno Popper Stuffed Chicken'),
	(99,'Baked Chicken and Spinach Flautas'),
	(108,'Baked Honey Mustard Chicken'),
	(72,'Baked Ziti'),
	(86,'Baked Ziti I'),
	(91,'Beef Brisket Pot Roast'),
	(82,'Beef Wellington'),
	(161,'Beer Mac n Cheese Soup'),
	(114,'Bowtie Chicken Alfredo'),
	(107,'Braised Balsamic Chicken'),
	(215,'Breakfast Grilled Cheese Sandwich with Maple Syrup'),
	(102,'Broccoli Cheese Soup'),
	(111,'Buffalo Chicken Chili'),
	(94,'Buffalo Chicken Chowder'),
	(148,'Buffalo Chicken Club Sandwich'),
	(124,'Buffalo Chicken Grilled Cheese Sandwich'),
	(97,'Cajun Chicken Pasta'),
	(195,'Caldo de Res (Mexican Beef Soup)'),
	(136,'California Grilled Veggie Sandwich'),
	(130,'Caprese Grilled Cheese Sandwich'),
	(158,'carrot soup with tahini and crisped chickpeas'),
	(154,'Cauliflower Soup'),
	(197,'Charley\'s Slow Cooker Mexican Style Meat'),
	(112,'Cheddar Jalapeno Chicken Burgers with Guacamole'),
	(103,'Chicken and Dumplings'),
	(113,'Chicken Florentine Pasta'),
	(167,'chicken noodle soup'),
	(98,'Chicken Parmigiana'),
	(100,'Chicken Tortilla Soup'),
	(105,'Chicken with Mustard Cream Sauce'),
	(132,'Chocolate Chip Cookie Dough Sandwiches'),
	(118,'Classic Baked Chicken'),
	(138,'Classic Victoria sandwich'),
	(153,'Coconut Red Lentil Soup'),
	(199,'Conchas (Mexican Sweet Bread)'),
	(129,'Corned Beef Grilled Cheese Sandwich with Guinness Caramelized Onions'),
	(165,'Creamy asparagus soup with a poached egg on toast'),
	(210,'Crock Pot Pesto Ranch Chicken Thighs'),
	(88,'Dad&#8217;s Stuffed Bell Peppers'),
	(169,'Delicious Ham and Potato Soup'),
	(185,'Easy Mexican Casserole'),
	(66,'Easy Shepherd&#8217;s Pie'),
	(135,'Egg Salad Sandwich (the only one I'),
	(182,'Esquites (Mexican Corn Salad)'),
	(64,'French Onion Soup Stuffed Mushrooms'),
	(141,'Fried Chicken Sandwiches with Slaw and Spicy Mayo'),
	(172,'Ginger Coconut Milk Soup'),
	(145,'Grilled Chicken Club Sandwich with Avocado and Chipotle Caramelized Onions'),
	(127,'Guacamole Grilled Cheese Sandwich'),
	(101,'Home'),
	(110,'Homemade Chicken and Noodles'),
	(139,'Hot Roast Beef Sandwiches'),
	(213,'How to Make The Perfect Grilled Cheese Sandwich'),
	(69,'In-N-Out\'s Double-Double, Animal Style'),
	(78,'Italian Drip Beef'),
	(166,'Italian Sausage Tortellini Soup'),
	(122,'Jalapeno Popper Grilled Cheese Sandwich'),
	(90,'Joolss favourite beef stew'),
	(159,'Kale and Roasted Vegetable Soup'),
	(209,'Kris\' Amazing Shredded Mexican Beef'),
	(160,'Lasagna Soup'),
	(146,'Leftover Easter Sandwich'),
	(157,'lentil soup with sausage, chard and garlic'),
	(180,'Mexican Baked Eggs'),
	(184,'Mexican bean burgers with lime yogurt &amp; salsa'),
	(181,'Mexican Bean Salad'),
	(201,'Mexican beef chilli'),
	(205,'Mexican Chicken Corn Chowder'),
	(208,'Mexican Chicken Soup'),
	(193,'Mexican chicken stew'),
	(188,'Mexican chicken stew with quinoa &amp; beans'),
	(183,'Mexican Chocolate Ice Cream'),
	(192,'Mexican Cornbread Salad'),
	(186,'Mexican Green Rice'),
	(206,'Mexican Grilled Shrimp Caesar Salad'),
	(189,'Mexican Layer Dip'),
	(190,'Mexican Pot Roast'),
	(187,'Mexican Potato Nachos'),
	(191,'Mexican Rice II'),
	(207,'Mexican Spiced Hot Cocoa'),
	(198,'Mexican Style Shredded Pork'),
	(142,'Mini Meatball Sandwiches'),
	(200,'Modern Mexican Chocolate Flan'),
	(125,'Mushroom Grilled Cheese Sandwich (aka The Mushroom Melt)'),
	(133,'Parmesan Crusted Pesto Grilled Cheese Sandwich'),
	(119,'Pastor Ryan?s Chicken Tikka Masala'),
	(196,'Pastor Ryan?s Mexican Lasagna'),
	(67,'Patty Melts'),
	(137,'Peanut Butter Oatmeal Sandwich Cookies'),
	(155,'Perfect Potato Soup'),
	(89,'Perfect roast beef'),
	(115,'Perfect roast chicken'),
	(76,'Pork Roast with Apples and Onions'),
	(140,'Pork Sandwiches with Cilantro-Jalapeno Slaw'),
	(68,'Pot Roast'),
	(168,'Pumpkin and Rice Soup'),
	(179,'Pumpkin Soup'),
	(204,'Quick And Easy Mexican Chicken'),
	(109,'Ranch Style Chicken'),
	(162,'Red Lentil Soup with Lemon'),
	(75,'Red Wine-Braised Short Ribs'),
	(96,'Roast Chicken'),
	(121,'Roast Sticky Chicken Rotisserie Style'),
	(152,'Roasted Cauliflower and Aged White Cheddar Soup'),
	(85,'Salisbury Steak'),
	(74,'Simple, Perfect Enchiladas!'),
	(77,'Slow Cooker Beef Stroganoff'),
	(149,'Slow Cooker Buffalo Chicken Sandwiches'),
	(104,'Slow Cooker Chicken Taco Soup'),
	(151,'Slow Cooker Chicken Tortilla Soup'),
	(83,'Slow Cooker Pepper Steak'),
	(123,'Smashed Chickpea & Avocado Salad Sandwich'),
	(202,'Sopa de lima (Mexican lime soup) recipe'),
	(170,'Spiced carrot &amp; lentil soup'),
	(214,'Spicy Peanut Chicken Grilled Cheese Sandwich (aka The Chicken Satay Melt)'),
	(71,'Spicy Whiskey BBQ Sliders'),
	(212,'Spinach Pesto Grilled Cheese Sandwich'),
	(79,'Sunday Night Stew'),
	(92,'Swedish Meatballs'),
	(84,'Taco Dip'),
	(87,'Taco Stuffed Shells'),
	(116,'Tequila Lime Grilled Chicken Club Sandwich with Guacamole and Roasted Jalapeno Mayo'),
	(164,'Thai-spiced Pumpkin Soup'),
	(65,'The Best Lasagna Ever'),
	(126,'The Marlboro Man Sandwich'),
	(73,'Vietnamese Pho: Beef Noodle Soup Recipe'),
	(171,'Winter Lentil Soup'),
	(70,'World?s Best Lasagna'),
	(106,'Yummy Honey Chicken Kabobs'),
	(95,'Zesty Slow Cooker Chicken Barbeque');

/*!40000 ALTER TABLE `Recipe` ENABLE KEYS */;
UNLOCK TABLES;


# Dump of table UserProduct
# ------------------------------------------------------------

DROP TABLE IF EXISTS `UserProduct`;

CREATE TABLE `UserProduct` (
  `id` int(11) unsigned NOT NULL AUTO_INCREMENT,
  `product` int(11) unsigned NOT NULL,
  `weight_left` int(11) NOT NULL,
  `x_loc` varchar(11) NOT NULL DEFAULT '',
  `y_loc` varchar(11) NOT NULL DEFAULT '',
  `shelf` int(1) NOT NULL,
  PRIMARY KEY (`id`),
  KEY `product` (`product`),
  CONSTRAINT `userproduct_ibfk_1` FOREIGN KEY (`product`) REFERENCES `Product` (`id`)
) ENGINE=InnoDB DEFAULT CHARSET=latin1;




/*!40111 SET SQL_NOTES=@OLD_SQL_NOTES */;
/*!40101 SET SQL_MODE=@OLD_SQL_MODE */;
/*!40014 SET FOREIGN_KEY_CHECKS=@OLD_FOREIGN_KEY_CHECKS */;
/*!40101 SET CHARACTER_SET_CLIENT=@OLD_CHARACTER_SET_CLIENT */;
/*!40101 SET CHARACTER_SET_RESULTS=@OLD_CHARACTER_SET_RESULTS */;
/*!40101 SET COLLATION_CONNECTION=@OLD_COLLATION_CONNECTION */;
